<?xml version="1.0" encoding="UTF-8"?>
<project-private xmlns="http://www.netbeans.org/ns/project-private/1">
    <editor-bookmarks xmlns="http://www.netbeans.org/ns/editor-bookmarks/2" lastBookmarkId="0"/>
    <open-files xmlns="http://www.netbeans.org/ns/projectui-open-files/2">
        <group>
            <file>file:/C:/Users/ACER/Documents/NetBeansProjects/penujualan_tiket_kereta_api/src/penujualan_tiket_kereta_api/koneksi.java</file>
            <file>file:/C:/Users/ACER/Documents/NetBeansProjects/penujualan_tiket_kereta_api/src/penujualan_tiket_kereta_api/Beranda.java</file>
            <file>file:/C:/Users/ACER/Documents/NetBeansProjects/penujualan_tiket_kereta_api/src/penujualan_tiket_kereta_api/Penumpang.java</file>
            <file>file:/C:/Users/ACER/Documents/NetBeansProjects/penujualan_tiket_kereta_api/src/penujualan_tiket_kereta_api/Login.java</file>
        </group>
    </open-files>
</project-private>
